address_id,address,postal_code,city_id,created_at,updated_at
1,Address 1,400001,2,2026-01-12 09:27:43.090515,2026-01-12 09:27:43.090515
2,Address 2,400001,3,2026-01-12 09:27:43.090515,2026-01-12 09:27:43.090515
3,Address 3,400001,5,2026-01-12 09:27:43.090515,2026-01-12 09:27:43.090515
4,Address 4,400001,1,2026-01-12 09:27:43.090515,2026-01-12 09:27:43.090515
5,Address 5,400001,2,2026-01-12 09:27:43.090515,2026-01-12 09:27:43.090515
6,Address 6,400001,3,2026-01-12 09:27:43.090515,2026-01-12 09:27:43.090515
7,Address 7,400001,2,2026-01-12 09:27:43.090515,2026-01-12 09:27:43.090515
8,Address 8,400001,5,2026-01-12 09:27:43.090515,2026-01-12 09:27:43.090515
9,Address 9,400001,2,2026-01-12 09:27:43.090515,2026-01-12 09:27:43.090515
10,Address 10,400001,1,2026-01-12 09:27:43.090515,2026-01-12 09:27:43.090515
11,Address 11,400001,5,2026-01-12 09:27:43.090515,2026-01-12 09:27:43.090515
12,Address 12,400001,4,2026-01-12 09:27:43.090515,2026-01-12 09:27:43.090515
13,Address 13,400001,4,2026-01-12 09:27:43.090515,2026-01-12 09:27:43.090515
14,Address 14,400001,4,2026-01-12 09:27:43.090515,2026-01-12 09:27:43.090515
15,Address 15,400001,5,2026-01-12 09:27:43.090515,2026-01-12 09:27:43.090515
16,Address 16,400001,4,2026-01-12 09:27:43.090515,2026-01-12 09:27:43.090515
17,Address 17,400001,4,2026-01-12 09:27:43.090515,2026-01-12 09:27:43.090515
18,Address 18,400001,2,2026-01-12 09:27:43.090515,2026-01-12 09:27:43.090515
19,Address 19,400001,2,2026-01-12 09:27:43.090515,2026-01-12 09:27:43.090515
20,Address 20,400001,5,2026-01-12 09:27:43.090515,2026-01-12 09:27:43.090515
21,Address 21,400001,2,2026-01-12 09:27:43.090515,2026-01-12 09:27:43.090515
22,Address 22,400001,4,2026-01-12 09:27:43.090515,2026-01-12 09:27:43.090515
23,Address 23,400001,3,2026-01-12 09:27:43.090515,2026-01-12 09:27:43.090515
24,Address 24,400001,5,2026-01-12 09:27:43.090515,2026-01-12 09:27:43.090515
25,Address 25,400001,2,2026-01-12 09:27:43.090515,2026-01-12 09:27:43.090515
26,Address 26,400001,1,2026-01-12 09:27:43.090515,2026-01-12 09:27:43.090515
27,Address 27,400001,2,2026-01-12 09:27:43.090515,2026-01-12 09:27:43.090515
28,Address 28,400001,3,2026-01-12 09:27:43.090515,2026-01-12 09:27:43.090515
29,Address 29,400001,4,2026-01-12 09:27:43.090515,2026-01-12 09:27:43.090515
30,Address 30,400001,1,2026-01-12 09:27:43.090515,2026-01-12 09:27:43.090515
31,Address 31,400001,2,2026-01-12 09:27:43.090515,2026-01-12 09:27:43.090515
32,Address 32,400001,5,2026-01-12 09:27:43.090515,2026-01-12 09:27:43.090515
33,Address 33,400001,5,2026-01-12 09:27:43.090515,2026-01-12 09:27:43.090515
34,Address 34,400001,1,2026-01-12 09:27:43.090515,2026-01-12 09:27:43.090515
35,Address 35,400001,2,2026-01-12 09:27:43.090515,2026-01-12 09:27:43.090515
36,Address 36,400001,3,2026-01-12 09:27:43.090515,2026-01-12 09:27:43.090515
37,Address 37,400001,4,2026-01-12 09:27:43.090515,2026-01-12 09:27:43.090515
38,Address 38,400001,2,2026-01-12 09:27:43.090515,2026-01-12 09:27:43.090515
39,Address 39,400001,5,2026-01-12 09:27:43.090515,2026-01-12 09:27:43.090515
40,Address 40,400001,3,2026-01-12 09:27:43.090515,2026-01-12 09:27:43.090515
41,Address 41,400001,5,2026-01-12 09:27:43.090515,2026-01-12 09:27:43.090515
42,Address 42,400001,2,2026-01-12 09:27:43.090515,2026-01-12 09:27:43.090515
43,Address 43,400001,5,2026-01-12 09:27:43.090515,2026-01-12 09:27:43.090515
44,Address 44,400001,3,2026-01-12 09:27:43.090515,2026-01-12 09:27:43.090515
45,Address 45,400001,5,2026-01-12 09:27:43.090515,2026-01-12 09:27:43.090515
46,Address 46,400001,2,2026-01-12 09:27:43.090515,2026-01-12 09:27:43.090515
47,Address 47,400001,5,2026-01-12 09:27:43.090515,2026-01-12 09:27:43.090515
48,Address 48,400001,3,2026-01-12 09:27:43.090515,2026-01-12 09:27:43.090515
49,Address 49,400001,2,2026-01-12 09:27:43.090515,2026-01-12 09:27:43.090515
50,Address 50,400001,5,2026-01-12 09:27:43.090515,2026-01-12 09:27:43.090515
51,Address 51,400001,4,2026-01-12 09:27:43.090515,2026-01-12 09:27:43.090515
52,Address 52,400001,3,2026-01-12 09:27:43.090515,2026-01-12 09:27:43.090515
53,Address 53,400001,1,2026-01-12 09:27:43.090515,2026-01-12 09:27:43.090515
54,Address 54,400001,3,2026-01-12 09:27:43.090515,2026-01-12 09:27:43.090515
55,Address 55,400001,2,2026-01-12 09:27:43.090515,2026-01-12 09:27:43.090515
56,Address 56,400001,2,2026-01-12 09:27:43.090515,2026-01-12 09:27:43.090515
57,Address 57,400001,5,2026-01-12 09:27:43.090515,2026-01-12 09:27:43.090515
58,Address 58,400001,4,2026-01-12 09:27:43.090515,2026-01-12 09:27:43.090515
59,Address 59,400001,2,2026-01-12 09:27:43.090515,2026-01-12 09:27:43.090515
60,Address 60,400001,5,2026-01-12 09:27:43.090515,2026-01-12 09:27:43.090515
61,Address 61,400001,5,2026-01-12 09:27:43.090515,2026-01-12 09:27:43.090515
62,Address 62,400001,2,2026-01-12 09:27:43.090515,2026-01-12 09:27:43.090515
63,Address 63,400001,3,2026-01-12 09:27:43.090515,2026-01-12 09:27:43.090515
64,Address 64,400001,1,2026-01-12 09:27:43.090515,2026-01-12 09:27:43.090515
65,Address 65,400001,3,2026-01-12 09:27:43.090515,2026-01-12 09:27:43.090515
66,Address 66,400001,5,2026-01-12 09:27:43.090515,2026-01-12 09:27:43.090515
67,Address 67,400001,5,2026-01-12 09:27:43.090515,2026-01-12 09:27:43.090515
68,Address 68,400001,4,2026-01-12 09:27:43.090515,2026-01-12 09:27:43.090515
69,Address 69,400001,1,2026-01-12 09:27:43.090515,2026-01-12 09:27:43.090515
70,Address 70,400001,1,2026-01-12 09:27:43.090515,2026-01-12 09:27:43.090515
71,Address 71,400001,3,2026-01-12 09:27:43.090515,2026-01-12 09:27:43.090515
72,Address 72,400001,1,2026-01-12 09:27:43.090515,2026-01-12 09:27:43.090515
73,Address 73,400001,5,2026-01-12 09:27:43.090515,2026-01-12 09:27:43.090515
74,Address 74,400001,4,2026-01-12 09:27:43.090515,2026-01-12 09:27:43.090515
75,Address 75,400001,3,2026-01-12 09:27:43.090515,2026-01-12 09:27:43.090515
76,Address 76,400001,3,2026-01-12 09:27:43.090515,2026-01-12 09:27:43.090515
77,Address 77,400001,5,2026-01-12 09:27:43.090515,2026-01-12 09:27:43.090515
78,Address 78,400001,5,2026-01-12 09:27:43.090515,2026-01-12 09:27:43.090515
79,Address 79,400001,5,2026-01-12 09:27:43.090515,2026-01-12 09:27:43.090515
80,Address 80,400001,1,2026-01-12 09:27:43.090515,2026-01-12 09:27:43.090515
81,Address 81,400001,3,2026-01-12 09:27:43.090515,2026-01-12 09:27:43.090515
82,Address 82,400001,2,2026-01-12 09:27:43.090515,2026-01-12 09:27:43.090515
83,Address 83,400001,3,2026-01-12 09:27:43.090515,2026-01-12 09:27:43.090515
84,Address 84,400001,1,2026-01-12 09:27:43.090515,2026-01-12 09:27:43.090515
85,Address 85,400001,4,2026-01-12 09:27:43.090515,2026-01-12 09:27:43.090515
86,Address 86,400001,2,2026-01-12 09:27:43.090515,2026-01-12 09:27:43.090515
87,Address 87,400001,1,2026-01-12 09:27:43.090515,2026-01-12 09:27:43.090515
88,Address 88,400001,5,2026-01-12 09:27:43.090515,2026-01-12 09:27:43.090515
89,Address 89,400001,2,2026-01-12 09:27:43.090515,2026-01-12 09:27:43.090515
90,Address 90,400001,4,2026-01-12 09:27:43.090515,2026-01-12 09:27:43.090515
91,Address 91,400001,1,2026-01-12 09:27:43.090515,2026-01-12 09:27:43.090515
92,Address 92,400001,2,2026-01-12 09:27:43.090515,2026-01-12 09:27:43.090515
93,Address 93,400001,5,2026-01-12 09:27:43.090515,2026-01-12 09:27:43.090515
94,Address 94,400001,3,2026-01-12 09:27:43.090515,2026-01-12 09:27:43.090515
95,Address 95,400001,3,2026-01-12 09:27:43.090515,2026-01-12 09:27:43.090515
96,Address 96,400001,5,2026-01-12 09:27:43.090515,2026-01-12 09:27:43.090515
97,Address 97,400001,1,2026-01-12 09:27:43.090515,2026-01-12 09:27:43.090515
98,Address 98,400001,1,2026-01-12 09:27:43.090515,2026-01-12 09:27:43.090515
99,Address 99,400001,5,2026-01-12 09:27:43.090515,2026-01-12 09:27:43.090515
100,Address 100,400001,4,2026-01-12 09:27:43.090515,2026-01-12 09:27:43.090515
